Rank,Candidate ID,Headline,Experience,Semantic Score,Career Score,Behavior Score,Final Score,Matched Skills,AI Summary
1,CAND_0000190,"Backend Engineer | SQL, Spark, Cloud",3.7,53.72,60.0,38.28,54.69,"Python, SQL, TensorFlow","The candidate possesses relevant skills in Python, SQL, and TensorFlow, aligning with the Data Scientist role's requirements. With 3.7 years of experience in backend engineering and analytics, the candidate has demonstrated expertise in data infrastructure design, SQL query optimization, and data modeling. Their career history showcases a strong foundation in data engineering, which can be leveraged in a Data Scientist role, particularly in transitioning towards AI/ML-focused work. This candidate is suitable for the Data Scientist position as they have a solid understanding of data engineering principles and are eager to apply their skills in a more AI/ML-focused environment."
2,CAND_0000578,Data Engineer | 6.9+ yrs in data engineering,6.9,53.34,58.0,34.84,53.35,"TensorFlow, PyTorch","The candidate, with 6.9 years of experience as a Data Engineer, demonstrates relevant skills in TensorFlow, PyTorch, Python, and SQL, making them a strong fit for the Data Scientist role. Although their primary experience lies in data engineering, they have shown a willingness to transition into AI/ML-focused work and have completed self-directed ML projects. Their experience in building data pipelines, backend systems, and analytics infrastructure also aligns with the requirements of the Data Scientist position. Overall, the candidate's transferable skills and career aspirations make them a suitable candidate for the Data Scientist role, with potential for growth and development in the field."
3,CAND_0000345,"Data Engineer | SQL, Spark, Cloud",4.3,54.31,44.0,73.22,52.08,"Python, SQL","The candidate has 4.3 years of experience as a Data Engineer, with relevant skills in Python and SQL. Although they have some experience with basic ML and have completed self-directed projects, their primary background lies in data engineering, which aligns with their current role. Their experience in building data pipelines, backend systems, and analytics infrastructure demonstrates a strong foundation in data engineering, making them a suitable candidate for a Data Scientist position with a focus on leveraging existing data infrastructure skills. However, additional training or experience in TensorFlow, PyTorch, and Scikit-learn may be necessary to meet the full requirements of the Data Scientist role."
4,CAND_0000873,"Senior Software Engineer | SQL, Spark, Cloud",2.1,56.5,42.0,54.86,50.54,"SQL, Scikit-learn","This candidate possesses relevant skills in SQL and Scikit-learn, which align with the Data Scientist job description. Although they have 2.1 years of experience, which is below the required 3+ years, their experience in designing and maintaining analytical data warehouses and building data pipelines demonstrates potential for growth in a Data Scientist role. Their background in data engineering and interest in transitioning to AI/ML-focused work make them a suitable candidate for further consideration. With additional training and experience, this candidate could be a strong fit for a Data Scientist position."
5,CAND_0000852,Senior Software Engineer | 4.8+ yrs in data engineering,4.8,52.49,44.0,57.48,49.59,"Python, SQL","The candidate, a Senior Software Engineer with 4.8 years of experience, possesses relevant skills in Python and SQL, which align with the Data Scientist job description. Although they lack direct experience in machine learning frameworks like TensorFlow and PyTorch, their self-directed ML projects and adjacent ML exposure demonstrate potential in this area. Their extensive experience in data engineering, including designing and maintaining analytical data warehouses, makes them a strong candidate for a Data Scientist role, particularly one that leverages their existing data infrastructure skills. Overall, this candidate's technical background and career trajectory make them a suitable fit for a Data Scientist position."
6,CAND_0000155,Software Engineer | 3.2+ yrs in data engineering,3.2,55.08,32.0,52.54,45.59,SQL,"Based on the candidate's profile, I assess that they possess relevant skills for a Data Scientist role, including proficiency in Python and SQL. With 3.2 years of experience in data engineering, the candidate has a strong foundation in designing and maintaining analytical data warehouses, which aligns with the Data Scientist role. Although their primary focus has been on data engineering, they have completed self-directed ML projects and express interest in transitioning to AI/ML-focused work. This candidate is suitable for the Data Scientist position, as they can leverage their existing data infrastructure skills while learning modern ML practices."
7,CAND_0000996,"Senior Data Engineer | SQL, Spark, Cloud",3.6,55.73,28.0,81.94,37.81,,"The candidate, with 3.6 years of experience, possesses relevant skills in Python, SQL, and Spark, which align with the Data Scientist role. Although they have a background in data engineering, they have demonstrated adjacent experience in machine learning, including self-directed projects and collaboration with data science teams. Their career history showcases a strong understanding of data infrastructure and pipelines, making them a suitable candidate for a Data Scientist position with a focus on leveraging existing data-infra skills. With a willingness to transition towards more AI/ML-focused work, this candidate is a strong fit for the role."
8,CAND_0000131,Data Analyst | 4.8+ yrs in data engineering,4.8,52.79,28.0,61.58,35.0,,"The candidate has demonstrated relevant skills in Python, SQL, and experience with data infrastructure tools such as Spark, Airflow, and Snowflake. With 4.8 years of experience in data engineering and analytics, they possess a strong foundation in building data pipelines and backend systems. Their career history shows a clear progression from data analyst to senior software engineer, indicating a willingness to adapt and grow in their role. As they express interest in transitioning to AI/ML-focused work, they are a suitable candidate for the Data Scientist position, requiring only additional training in modern ML practices."
9,CAND_0000001,"Backend Engineer | SQL, Spark, Cloud",6.9,54.72,24.0,67.58,34.97,,"The candidate has a strong background in data engineering with 6.9 years of experience, possessing relevant skills in Python, SQL, Spark, and Airflow. Although they have limited direct experience in machine learning, they have completed self-directed projects and have worked closely with data science teams, demonstrating a willingness to learn and adapt. Their experience in designing data pipelines and working with large datasets aligns with the requirements of a Data Scientist, making them a suitable candidate for the role. With their existing data infrastructure skills and eagerness to transition into AI/ML-focused work, they have the potential to excel in this position."
10,CAND_0000411,"Analytics Engineer | SQL, Spark, Cloud",2.8,52.92,18.67,45.26,30.76,,"The candidate has demonstrated relevant skills in Python, SQL, and Spark, which align with the Data Scientist role. Although their experience is slightly below the 3+ year requirement, their 2.8 years of experience as an Analytics Engineer has provided a strong foundation in data infrastructure and a solid toolkit for data engineering. Their career history showcases a progression from backend engineering to data engineering, indicating a clear interest in transitioning towards AI/ML-focused work. This candidate is suitable for the Data Scientist role as they possess a strong technical foundation and a willingness to learn and adapt to modern ML practices."
